{"name":"Pagamento","identifier":"EKBKR72ICO","description":"Forma de pagamento","parentIntentSignature":null,"sampleUtterances":null,"intentConfirmationSetting":null,"intentClosingSetting":{"isActive":false,"nextStep":{"sessionAttributes":{"sobremesaAtual":"vazio","paoAtual":"vazio","saladaAtual":"vazio"},"dialogAction":{"type":"EndConversation","slotToElicit":null,"suppressNextMessage":null},"intent":{"name":null,"slots":null}},"closingResponse":null},"initialResponseSetting":{"conditional":{"isActive":true,"conditionalBranches":[{"name":"Branch1","response":{"messageGroupsList":[{"message":{"ssmlMessage":null,"customPayload":null,"plainTextMessage":{"value":"Um sanduíche: [paoAtual], [carneAtual], [queijoAtual] e [vegetalAtual]. Acompanhamentos: [salgadoAtual] e [bebidaAtual]."},"imageResponseCard":null},"variations":null}],"allowInterrupt":true},"condition":{"expressionString":"fn.IS_SET([paoAtual]) && [paoAtual] != \"vazio\""},"nextStep":{"sessionAttributes":null,"dialogAction":{"type":"ElicitSlot","slotToElicit":"forma_de_pagamento","suppressNextMessage":null},"intent":{"name":null,"slots":null}}},{"name":"Branch2","response":{"messageGroupsList":[{"message":{"ssmlMessage":null,"customPayload":null,"plainTextMessage":{"value":"Uma salada: [saladaAtual]. Acompanhamentos: [salgadoAtual] e [bebidaAtual]."},"imageResponseCard":null},"variations":null}],"allowInterrupt":true},"condition":{"expressionString":"fn.IS_SET([saladaAtual]) && [saladaAtual] != \"vazio\""},"nextStep":{"sessionAttributes":null,"dialogAction":{"type":"ElicitSlot","slotToElicit":"forma_de_pagamento","suppressNextMessage":null},"intent":{"name":null,"slots":null}}},{"name":"Branch3","response":{"messageGroupsList":[{"message":{"ssmlMessage":null,"customPayload":null,"plainTextMessage":{"value":"Uma sobremesa: [sobremesaAtual]. Acompanhamentos: [salgadoAtual] e [bebidaAtual]."},"imageResponseCard":null},"variations":null}],"allowInterrupt":true},"condition":{"expressionString":"fn.IS_SET([sobremesaAtual]) && [sobremesaAtual] != \"vazio\""},"nextStep":{"sessionAttributes":null,"dialogAction":{"type":"ElicitSlot","slotToElicit":"forma_de_pagamento","suppressNextMessage":null},"intent":{"name":null,"slots":null}}}],"defaultBranch":{"response":null,"nextStep":{"sessionAttributes":null,"dialogAction":{"type":"EndConversation","slotToElicit":null,"suppressNextMessage":null},"intent":{"name":null,"slots":null}}}},"codeHook":{"isActive":false,"invocationLabel":null,"postCodeHookSpecification":{"failureResponse":null,"failureNextStep":{"sessionAttributes":null,"dialogAction":{"type":"EndConversation","slotToElicit":null,"suppressNextMessage":null},"intent":{"name":null,"slots":null}},"failureConditional":null,"successResponse":null,"successNextStep":{"sessionAttributes":null,"dialogAction":{"type":"ElicitSlot","slotToElicit":"form_pag","suppressNextMessage":null},"intent":{"name":null,"slots":null}},"successConditional":null,"timeoutResponse":null,"timeoutNextStep":{"sessionAttributes":null,"dialogAction":{"type":"EndConversation","slotToElicit":null,"suppressNextMessage":null},"intent":{"name":null,"slots":null}},"timeoutConditional":null},"enableCodeHookInvocation":true},"nextStep":{"sessionAttributes":null,"dialogAction":{"type":"EvaluateConditional","slotToElicit":null,"suppressNextMessage":null},"intent":{"name":null,"slots":null}},"initialResponse":{"messageGroupsList":[{"message":{"ssmlMessage":null,"customPayload":null,"plainTextMessage":{"value":"Seu pedido:"},"imageResponseCard":null},"variations":null}],"allowInterrupt":true}},"inputContexts":null,"outputContexts":null,"kendraConfiguration":null,"qnAIntentConfiguration":null,"dialogCodeHook":null,"fulfillmentCodeHook":null,"slotPriorities":[{"priority":2,"slotName":"troco"},{"priority":1,"slotName":"forma_de_pagamento"}]}