{"name":"salgados","identifier":"F0NRJOMHV4","description":null,"slotTypeValues":[{"synonyms":[{"value":"Doritos"},{"value":"doritos"},{"value":"dOrItOs"},{"value":"doRITOS"}],"sampleValue":{"value":"Doritos"}},{"synonyms":[{"value":"Fandangos"},{"value":"fandangos"},{"value":"fanDANGOS"},{"value":"fANdangos"},{"value":"fadangos"},{"value":"fandagos"}],"sampleValue":{"value":"Fandangos"}},{"synonyms":[{"value":"Cheetos"},{"value":"cheetos"},{"value":"CHEEtos"},{"value":"cheeTOS"},{"value":"chetos"},{"value":"xetos"}],"sampleValue":{"value":"Cheetos"}},{"synonyms":[{"value":"Não"},{"value":"nao"},{"value":"passo"},{"value":"fora"},{"value":"n"},{"value":"sem"},{"value":"Sem Salgado"},{"value":"Recuso"},{"value":"sem vontade"},{"value":"não aceito"},{"value":"não desejo"},{"value":"nego"},{"value":"nego"}],"sampleValue":{"value":"Sem Salgado"}}],"parentSlotTypeSignature":null,"valueSelectionSetting":{"resolutionStrategy":"TOP_RESOLUTION","regexFilter":null}}