{"name":"bebidas","identifier":"F8LDOAAGNB","description":null,"slotTypeValues":[{"synonyms":[{"value":"coca"},{"value":"Coca-Cola"},{"value":"cola"},{"value":"COCA-cola"},{"value":"Coca Cola"},{"value":"coca cola"}],"sampleValue":{"value":"Coca-Cola"}},{"synonyms":[{"value":"Guaraná"},{"value":"guarana"},{"value":"GUARAna"},{"value":"guaraNA"},{"value":"garana"},{"value":"guarana antarctica"},{"value":"guarana antardida"}],"sampleValue":{"value":"Guaraná"}},{"synonyms":[{"value":"sprite"},{"value":"Sprite"},{"value":"SPRIte"},{"value":"spriTE"},{"value":"spraite"},{"value":"espraite"}],"sampleValue":{"value":"Sprite"}},{"synonyms":[{"value":"não"},{"value":"nao"},{"value":"Não"},{"value":"passo"},{"value":"fora"},{"value":"sem"},{"value":"Sem bebida"},{"value":"Não quero"},{"value":"Não aceito"},{"value":"recuso"},{"value":"sem vontade"},{"value":"nego"},{"value":"eu nego"}],"sampleValue":{"value":"Sem bebida"}}],"parentSlotTypeSignature":null,"valueSelectionSetting":{"resolutionStrategy":"TOP_RESOLUTION","regexFilter":null}}