{"name":"forma_de_pagamento","identifier":"K3MPE97VLA","description":null,"slotTypeValues":[{"synonyms":[{"value":"Dinheiro"},{"value":"dinheiro"},{"value":"grana"},{"value":"Bufunfa"},{"value":"Tutu"},{"value":"Pila"},{"value":"Verdinhas"},{"value":"Cascalho"},{"value":"Dinheiro vivo"}],"sampleValue":{"value":"Dinheiro"}},{"synonyms":[{"value":"pix"},{"value":"PIX"},{"value":"Fazer um PIX"}],"sampleValue":{"value":"PIX"}},{"synonyms":[{"value":"Cartão"},{"value":"cartao"},{"value":"Passar o cartão"},{"value":"Passar na máquina"},{"value":"Passar o plastico"},{"value":"Crédito"},{"value":"Débito"},{"value":"Máquininha"}],"sampleValue":{"value":"Cartão"}},{"synonyms":[{"value":"Desisto da compra"},{"value":"Cancelar"},{"value":"Não quero"},{"value":"Não"},{"value":"Tô fora"},{"value":"Sair"}],"sampleValue":{"value":"Desistir"}}],"parentSlotTypeSignature":null,"valueSelectionSetting":{"resolutionStrategy":"TOP_RESOLUTION","regexFilter":null}}