{"name":"troco","identifier":"6V5JGYQL7X","description":null,"slotTypeValues":[{"synonyms":[{"value":"Sim"},{"value":"Preciso"},{"value":"Necessito"},{"value":"Vou precisar"},{"value":"Vou necessitar"}],"sampleValue":{"value":"Sim"}},{"synonyms":[{"value":"Não"},{"value":"Nao"},{"value":"Tenho trocado"},{"value":"Sem"},{"value":"Sem necessidade"},{"value":"Não preciso"},{"value":"Não necessito"}],"sampleValue":{"value":"Não"}}],"parentSlotTypeSignature":null,"valueSelectionSetting":{"resolutionStrategy":"TOP_RESOLUTION","regexFilter":null}}