{"name":"verificacao","identifier":"68MHZKVMXB","description":null,"slotTypeValues":[{"synonyms":[{"value":"sim"},{"value":"Sim"},{"value":"Claro"},{"value":"Com certeza"},{"value":"Quero"},{"value":"SIM"},{"value":"sIm"},{"value":"siM"}],"sampleValue":{"value":"Sim"}},{"synonyms":[{"value":"Não"},{"value":"nao"},{"value":"naO"},{"value":"nAo"},{"value":"De forma alguma"},{"value":"passo"}],"sampleValue":{"value":"Não"}}],"parentSlotTypeSignature":null,"valueSelectionSetting":{"resolutionStrategy":"TOP_RESOLUTION","regexFilter":null}}