{"name":"forma_de_pagamento","identifier":"J9VM34TN3Q","description":null,"slotTypeName":"forma_de_pagamento","obfuscationSetting":null,"valueElicitationSetting":{"slotCaptureSetting":{"codeHook":null,"captureResponse":{"messageGroupsList":[{"message":{"ssmlMessage":null,"customPayload":null,"plainTextMessage":{"value":"Você escolheu: {forma_de_pagamento}"},"imageResponseCard":null},"variations":null}],"allowInterrupt":true},"captureNextStep":{"sessionAttributes":null,"dialogAction":{"type":"EvaluateConditional","slotToElicit":null,"suppressNextMessage":null},"intent":{"name":null,"slots":null}},"captureConditional":{"isActive":true,"conditionalBranches":[{"name":"Branch1","response":{"messageGroupsList":[{"message":{"ssmlMessage":null,"customPayload":null,"plainTextMessage":{"value":"Agradecemos pela escolha! Em breve, informaremos sobre o andamento do seu pedido."},"imageResponseCard":null},"variations":null}],"allowInterrupt":true},"condition":{"expressionString":"{forma_de_pagamento} = \"Cartão\" || {forma_de_pagamento} = \"PIX\""},"nextStep":{"sessionAttributes":{"sobremesaAtual":"vazio","paoAtual":"vazio","saladaAtual":"vazio"},"dialogAction":{"type":"EndConversation","slotToElicit":null,"suppressNextMessage":null},"intent":{"name":null,"slots":null}}},{"name":"Branch2","response":null,"condition":{"expressionString":"{forma_de_pagamento} = \"Dinheiro\" "},"nextStep":{"sessionAttributes":null,"dialogAction":{"type":"ElicitSlot","slotToElicit":"troco","suppressNextMessage":null},"intent":{"name":null,"slots":null}}}],"defaultBranch":{"response":null,"nextStep":{"sessionAttributes":null,"dialogAction":{"type":"ElicitSlot","slotToElicit":"troco","suppressNextMessage":null},"intent":{"name":null,"slots":null}}}},"failureResponse":{"messageGroupsList":[{"message":{"ssmlMessage":null,"customPayload":null,"plainTextMessage":{"value":"Ocorreu um erro, vamos tentar novamente"},"imageResponseCard":null},"variations":null}],"allowInterrupt":true},"failureNextStep":{"sessionAttributes":null,"dialogAction":{"type":"StartIntent","slotToElicit":null,"suppressNextMessage":null},"intent":{"name":null,"slots":null}},"failureConditional":null,"elicitationCodeHook":{"invocationLabel":null,"enableCodeHookInvocation":true}},"promptSpecification":{"messageGroupsList":[{"message":{"ssmlMessage":null,"customPayload":null,"plainTextMessage":{"value":"A forma de pagamento é dinheiro, PIX ou cartão?"},"imageResponseCard":null},"variations":null},{"message":{"ssmlMessage":null,"customPayload":null,"plainTextMessage":null,"imageResponseCard":{"title":"Forma de pagamentos","subtitle":"Escolha a forma de pagamento:","imageUrl":null,"buttonsList":[{"value":"Dinheiro","text":"Dinheiro"},{"value":"PIX","text":"PIX"},{"value":"Cartão","text":"Cartão"}]}},"variations":null}],"maxRetries":4,"allowInterrupt":true,"messageSelectionStrategy":"Random","promptAttemptsSpecification":{"Retry3":{"allowedInputTypes":{"allowAudioInput":true,"allowDTMFInput":true},"audioAndDTMFInputSpecification":{"dtmfSpecification":{"maxLength":513,"deletionCharacter":"*","endCharacter":"#","endTimeoutMs":5000},"startTimeoutMs":4000,"audioSpecification":{"maxLengthMs":15000,"endTimeoutMs":640}},"allowInterrupt":true,"textInputSpecification":{"startTimeoutMs":30000}},"Retry4":{"allowedInputTypes":{"allowAudioInput":true,"allowDTMFInput":true},"audioAndDTMFInputSpecification":{"dtmfSpecification":{"maxLength":513,"deletionCharacter":"*","endCharacter":"#","endTimeoutMs":5000},"startTimeoutMs":4000,"audioSpecification":{"maxLengthMs":15000,"endTimeoutMs":640}},"allowInterrupt":true,"textInputSpecification":{"startTimeoutMs":30000}},"Retry2":{"allowedInputTypes":{"allowAudioInput":true,"allowDTMFInput":true},"audioAndDTMFInputSpecification":{"dtmfSpecification":{"maxLength":513,"deletionCharacter":"*","endCharacter":"#","endTimeoutMs":5000},"startTimeoutMs":4000,"audioSpecification":{"maxLengthMs":15000,"endTimeoutMs":640}},"allowInterrupt":true,"textInputSpecification":{"startTimeoutMs":30000}},"Retry1":{"allowedInputTypes":{"allowAudioInput":true,"allowDTMFInput":true},"audioAndDTMFInputSpecification":{"dtmfSpecification":{"maxLength":513,"deletionCharacter":"*","endCharacter":"#","endTimeoutMs":5000},"startTimeoutMs":4000,"audioSpecification":{"maxLengthMs":15000,"endTimeoutMs":640}},"allowInterrupt":true,"textInputSpecification":{"startTimeoutMs":30000}},"Initial":{"allowedInputTypes":{"allowAudioInput":true,"allowDTMFInput":true},"audioAndDTMFInputSpecification":{"dtmfSpecification":{"maxLength":513,"deletionCharacter":"*","endCharacter":"#","endTimeoutMs":5000},"startTimeoutMs":4000,"audioSpecification":{"maxLengthMs":15000,"endTimeoutMs":640}},"allowInterrupt":true,"textInputSpecification":{"startTimeoutMs":30000}}}},"slotConstraint":"Required","defaultValueSpecification":null,"sampleUtterances":null,"waitAndContinueSpecification":null},"multipleValuesSetting":null}